{"cameraMode":{"drawMode":0,"name":"Shaded","section":"Shading Mode"},"sceneLighting":true,"audioPlay":false,"sceneViewState":{"showFog":true,"showMaterialUpdate":false,"showSkybox":true,"showFlares":true,"showImageEffects":true,"showParticleSystems":true},"in2DMode":false,"pivot":{"x":-19.541994094848634,"y":-13.138940811157227,"z":-22.432130813598634},"rotation":{"x":0.08307721465826035,"y":-0.9106135964393616,"z":0.22458858788013459,"w":0.33683377504348757},"size":48.096595764160159,"orthographic":false}